scalar,RGB_r,RGB_g,RGB_b
0.0,0.0,0.0,0.0
0.142857142857,0.251720295995,0.0884210421079,0.0696046995283
0.285714285714,0.493237985431,0.12134447042,0.108818616983
0.428571428571,0.721654217074,0.19689465803,0.128274044848
0.571428571429,0.857243660245,0.396604712155,0.039717323074
0.714285714286,0.893886453749,0.631451293491,0.0130550121463
0.857142857143,0.913697911059,0.845646813981,0.222765707352
1.0,1.0,1.0,1.0
