scalar,RGB_r,RGB_g,RGB_b
0.0,0.334790850135,0.283084370265,0.756495219864
0.142857142857,0.455676541901,0.483474916026,0.83678868475
0.285714285714,0.620023334244,0.674529647069,0.892607024857
0.428571428571,0.828942964771,0.859910711315,0.932609058496
0.571428571429,0.919683081312,0.8424780094,0.796653973917
0.714285714286,0.856839179744,0.6223965169,0.525883570739
0.857142857143,0.783498009224,0.387912219692,0.309178400404
1.0,0.694625624821,0.00296461045768,0.154581828278
