scalar,RGB_r,RGB_g,RGB_b
0.0,0.33479085013469045,0.283084370264951,0.756495219863611
0.14285714285714285,0.49016614187156166,0.5277469573244784,0.9367872180985576
0.2857142857142857,0.6507418762433629,0.7257712719495145,1.0
0.42857142857142855,0.8020750594970678,0.8442749067382731,0.9400913150512986
0.5714285714285714,0.9215721144131238,0.821100097000479,0.760724668181622
0.7142857142857142,0.9511476991063456,0.6581723530763932,0.5371901260908597
0.8571428571428571,0.8711991452371018,0.41394980213649396,0.3259191675160485
1.0,0.6946256248213637,0.0029646104576792577,0.15458182827759628
