scalar,RGB_r,RGB_g,RGB_b
0.0,0.0028108909432653585,0.00023971464598377364,0.013984975564512399
0.14285714285714285,0.1696761095321708,0.05601871599667405,0.3203863213501758
0.2857142857142857,0.39672836552484225,0.06392474593712424,0.5010479777799706
0.42857142857142855,0.6032721504487828,0.1624239088100068,0.503387440390161
0.5714285714285714,0.8196471435942057,0.25504668868395547,0.43415418415638457
0.7142857142857142,0.9561998142019813,0.46263901901642285,0.3635386558879176
0.8571428571428571,0.9756260390391104,0.7330059297966024,0.5011903564932907
1.0,0.9656629436911562,0.9948555925973216,0.7469125243616072
