scalar,RGB_r,RGB_g,RGB_b
0.0,0.18500126283629117,0.0,0.5300734481832133
0.14285714285714285,0.38464311940637147,0.0,0.6429409600399453
0.2857142857142857,0.5721456036395585,0.0,0.6501649022558448
0.42857142857142855,0.7277892230409964,0.18262842799644946,0.5406849435357364
0.5714285714285714,0.8476680354386845,0.35689530153852816,0.40995168748020866
0.7142857142857142,0.9345387621997825,0.5358342773205369,0.28442833985509985
0.8571428571428571,0.9633234911081278,0.7430429023051337,0.15436821379405674
1.0,0.894058310302958,0.9822535793047805,0.0810687655704728
