scalar,RGB_r,RGB_g,RGB_b
0.0,0.0,0.0,0.0
0.142857142857,0.165244050347,0.0224832200874,0.47021606479
0.285714285714,0.0147354562034,0.305005386829,0.208719146502
0.428571428571,0.154492186368,0.456128474882,0.0218404104551
0.571428571429,0.866948968961,0.388363362964,0.0413685026023
0.714285714286,0.978023338129,0.539236804307,0.792434027154
0.857142857143,0.898924549826,0.805934065795,0.990584977084
1.0,1.0,1.0,1.0
