scalar,RGB_r,RGB_g,RGB_b
0.0,0.0,0.0,0.0
0.142857142857,0.169638222229,0.0586571629275,0.420432193125
0.285714285714,0.363946896841,0.0,0.784994035048
0.428571428571,0.774966161238,0.0,0.455769190891
0.571428571429,0.923364177686,0.326317530516,0.233758094872
0.714285714286,0.961153380556,0.593535622168,0.189790175914
0.857142857143,0.913697911059,0.845646813981,0.222765707352
1.0,1.0,1.0,1.0
