scalar,RGB_r,RGB_g,RGB_b
0.0,0.2823645529290169,0.0,0.3310101940118055
0.14285714285714285,0.31093764455559003,0.1867198329507134,0.499013125962462
0.2857142857142857,0.2633950954372358,0.3549021741820773,0.5528267289276363
0.42857142857142855,0.20303365450234195,0.49729398741766556,0.5578110963268489
0.5714285714285714,0.13182686795279983,0.6340509511445657,0.5291665063764508
0.7142857142857142,0.24090172204161298,0.7633448774061599,0.42216355577803744
0.8571428571428571,0.5758187113512072,0.8600490306624121,0.2073384027250591
1.0,0.9529994532916154,0.9125452328290099,0.11085876909361342
