scalar,RGB_r,RGB_g,RGB_b
0.0,0.0,0.0,0.0
0.142857142857,0.2058836328,0.0200081348995,0.419451331093
0.285714285714,0.0335272327849,0.22111999029,0.703052629353
0.428571428571,0.021854471454,0.451151641812,0.380313980138
0.571428571429,0.0298263835637,0.624285254063,0.133059337268
0.714285714286,0.395075620074,0.771599170072,0.0373892404385
0.857142857143,0.976621102575,0.813785197546,0.509571446188
1.0,1.0,1.0,1.0
