scalar,RGB_r,RGB_g,RGB_b
0.0,0.002810890943265357,0.00023971464598377526,0.013984975564512404
0.14285714285714285,0.18889427585683022,0.025561628653149284,0.33014100783330064
0.2857142857142857,0.4117452774501198,0.05977145340317724,0.4351744251815598
0.42857142857142855,0.6215276089471067,0.1559239900459929,0.3903250416808538
0.5714285714285714,0.8168940474024732,0.2810587939359063,0.2612384268357729
0.7142857142857142,0.9387065364043844,0.49212428287176385,0.0812518357849348
0.8571428571428571,0.9494121091010544,0.7608477568229846,0.13659641395943914
1.0,0.9593995073432898,1.0,0.6406264784793354
